model,accuracy,macro_f1
SVM,0.9574468085106383,0.95622739096659
LogisticRegression,0.9550827423167849,0.9536451244729861
