model,pca_components,accuracy,macro_f1
PCA + SVM,12,0.9692671394799054,0.9685226726501296
